<?xml version="1.0" encoding="UTF-8" ?>
<!DOCTYPE mapper
  PUBLIC "-//mybatis.org//DTD Mapper 3.0//EN"
  "http://mybatis.org/dtd/mybatis-3-mapper.dtd">
  
<mapper namespace="com.my.vo.Order">
	<resultMap id="orderResultMap" type="OrderInfo" autoMapping="true">
		<id property="order_no" column="order_no" />
		<collection 
			property="orderLines" 
			ofType="OrderLine"
			autoMapping="true"
			<!-- <id property="order_no" column="order_no" /> -->
			<association
				property="product"
				javaType="com.my.vo.Product"
				autoMapping="true"/>
		/>
	</resultMap>
	
	<select id="selectById" parameterType="string" resultMap="orderResultMap">
SELECT info.order_no, info.order_time, line.order_prod_no, line.order_quantity
FROM order_info info JOIN order_line line ON info.order_no = line.order_no
		    JOIN product p ON p.prod_no = line.order_prod_no
WHERE order_id=#{id}
	</select>
	<!-- 주문기본 -->
	<insert>
INSERT INTO order_info(order_no,order_id,order_time)
VALUES(order_seq.NEXTVAL, #{order_id}, SYSTIMESTAMP)
	</insert>
	<insert id="insertOrderLine" parameterType="OrderLine">
INSERT INTO order_line(order_no, order_prod_no, order_quantity)
VALUES(order_seq.CURRVAL, #{product.prod_no}, #{order_quantity)
	</insert>
</mapper>