<?xml version="1.0" encoding="UTF-8"?>
<beans xmlns="http://www.springframework.org/schema/beans"
	xmlns:xsi="http://www.w3.org/2001/XMLSchema-instance"
	xmlns:context="http://www.springframework.org/schema/context"
	xsi:schemaLocation="http://www.springframework.org/schema/beans http://www.springframework.org/schema/beans/spring-beans.xsd
		http://www.springframework.org/schema/context http://www.springframework.org/schema/context/spring-context-4.3.xsd">
	<context:annotation-config/>
	<context:component-scan base-package="a"></context:component-scan>
	<!-- <bean id="second1" class="a.Second1">
		<qualifier value="s1"/>
	</bean>
		
		
	<bean id="second2" class="a.Second2">
		<qualifier value="s2"/>
	</bean>
	
	<bean id="first" class = "a.First">
								init-method="init"
		<property name="msg" value="금요일입니다."/>
	</bean> -->
</beans>
