<?xml version="1.0" encoding="UTF-8" ?>
<!DOCTYPE mapper
  PUBLIC "-//mybatis.org//DTD Mapper 3.0//EN"
  "http://mybatis.org/dtd/mybatis-3-mapper.dtd">
<mapper namespace="com.my.vo.Post">

	<!-- has-a 관계설정 -->
	<resultMap id="PostResultMap" type="hashmap">
		<id property="buildingno" column="buildingno"/>
		<result property="zipcode" column="zipcode"/>
		<result property="addrdoro" column="addrdoro"/>
		<result property="addrzibun" column="addrzibun"/>
	</resultMap>
<select id = "selectByDoro" parameterType = "string" resultMap="PostResultMap">
   SELECT buildingno, zipcode, 
          sido|| ' ' 
          || sigungu || NVL2(sigungu,' ', '')
          || eupmyun || NVL2(eupmyun,' ', '')
          || doro ||' ' 
          || building1
          || DECODE(building2,'0', '', '-'||building2) ||' '
          || '('|| dong || ri || DECODE(building, '', '', ',' ||building) ||')'
          AS addrdoro, 
          sido ||' ' 
          || sigungu ||NVL2(sigungu,' ', '')
          || eupmyun ||NVL2(eupmyun,' ', '')
          || dong || ri ||' ' 
          || zibun1 || DECODE(zibun2, '0', '',  '-'|| zibun2)
          || DECODE(building, '', '', ' (' ||building ||')') 
          AS addrzibun 
    FROM post 
    WHERE (doro || ' ' || building1 || DECODE(building2,'0', '', '-'||building2)) 
    LIKE '%${value}%'
</select>

</mapper>