<?xml version="1.0" encoding="UTF-8"?>
<beans xmlns="http://www.springframework.org/schema/beans"
	xmlns:xsi="http://www.w3.org/2001/XMLSchema-instance"
	xmlns:mvc="http://www.springframework.org/schema/mvc"
	xmlns:context="http://www.springframework.org/schema/context"
	xmlns:aop="http://www.springframework.org/schema/aop"
	xmlns:tx="http://www.springframework.org/schema/tx"
	xmlns:mybatis-spring="http://mybatis.org/schema/mybatis-spring"
	xsi:schemaLocation="http://www.springframework.org/schema/mvc http://www.springframework.org/schema/mvc/spring-mvc-4.3.xsd
		http://mybatis.org/schema/mybatis-spring http://mybatis.org/schema/mybatis-spring-1.2.xsd
		http://www.springframework.org/schema/beans http://www.springframework.org/schema/beans/spring-beans.xsd
		http://www.springframework.org/schema/context http://www.springframework.org/schema/context/spring-context-4.3.xsd
		http://www.springframework.org/schema/aop http://www.springframework.org/schema/aop/spring-aop-4.3.xsd
		http://www.springframework.org/schema/tx http://www.springframework.org/schema/tx/spring-tx-4.3.xsd">
<context:annotation-config/>
	<!-- 비즈니스로직용 -->
	<context:component-scan base-package="com.my.service"/>
	<context:component-scan base-package="com.my.dao"/>
	
	
	<!-- 비즈니스로직용 -->
	<bean id="dataSource"
		class="org.springframework.jdbc.datasource.DriverManagerDataSource">
		<property name="driverClassName"
			value="oracle.jdbc.driver.OracleDriver">
		</property>
		<property name="url"
			value="jdbc:oracle:thin:@localhost:1521:xe">
		</property>
		<property name="username" value="c##oracle_user"></property>
		<property name="password" value="dmsk"></property>
	</bean>
	<!-- 비즈니스로직용 -->
	<bean id="sqlSessionFactory"
		class="org.mybatis.spring.SqlSessionFactoryBean">
		<property name="dataSource" ref="dataSource"></property>
		<property name="configLocation" value="classpath:mybatis-config.xml"/>
	</bean>
<!-- 	<bean id="sqlSession" class="org.mybatis.spring.SqlSessionTemplate">
		<constructor-arg index = "0" ref="sqlSessionFactory"></constructor-arg>
	</bean> -->
	
	<bean id="messageSource"
		class="org.springframework.context.support.ReloadableResourceBundleMessageSource">
	<property name="basename" value="classpath:message"></property>
	</bean>
	<aop:aspectj-autoproxy/>
<bean id="transactionManager" 
      class="org.springframework.jdbc.datasource.DataSourceTransactionManager">
  <property name="dataSource" ref="dataSource"/>
</bean>	
<bean id="sqlSession" class="org.mybatis.spring.SqlSessionTemplate">
  <constructor-arg index="0" ref="sqlSessionFactory" />
</bean> 
<!--아래 설정 추가하세요!-->
<tx:annotation-driven transaction-manager="transactionManager"/>

</beans>